,start,end,length,delta_x,delta_y,angle,interval
0,874,1862,988,-16.094707403777065,-3.9220424404233256,13.695213912454962,1530.0
1,3392,4263,871,-32.15496029828971,-5.736762757884108,10.115701645539279,555.0
2,4818,5047,229,-2.466397226891914,-2.078381415449684,40.120139192392244,1072.0
3,6119,6585,466,-15.2005322375648,0.983865614243598,-3.7033455549496463,665.0
4,7250,9089,1839,-18.95028659475122,0.1192978399102742,-0.36068966049968043,77685.0
5,86774,90245,3471,-22.727869029692528,-17.41013955208784,37.453055132192624,
