,start,end,length,delta_x,delta_y,angle,interval
0,493,33197,32704,-15.48522899303886,-8.7972889195281,29.601271389727053,493
1,33308,35514,2206,-3.786265886805282,-3.633025415804866,43.81676245396861,111
2,50556,54870,4314,-0.5427127804464362,-2.1010692317270383,75.5168881609625,15042
3,54961,66939,11978,-1.7757396160625234,-1.9682778983875835,47.94387556023311,91
4,106609,122011,15402,-1.131466459141464,-0.5083890260162462,24.195274466759948,39670
5,194916,199371,4455,0.8711132327302806,-1.5169639775802466,-60.13349772562902,72905
